{
  "ROC_AUC": 0.7511982472063997,
  "PR_AUC": 0.309456429833988,
  "Seuil_Optimal": 0.6239148378372192,
  "F1_Score": 0.3656698659474895
}