{"ROC_AUC": 0.7550420341617711, "PR_AUC": 0.3216890732455864, "Seuil_Optimal": 0.6395559906959534, "F1_Score": 0.37472730323879844}